id,first_name,last_name,email,gender,ip_address
1,Barrie,Foxcroft,bfoxcroft0@washingtonpost.com,Agender,175.53.252.159
2,Blondy,O'Dreain,bodreain1@noaa.gov,Female,126.7.151.100
3,Wynnie,Royson,wroyson2@irs.gov,Female,4.12.131.96
4,Cherida,Sirr,csirr3@1und1.de,Polygender,129.64.210.136
5,Cross,Dossit,cdossit4@apache.org,Male,223.239.240.119
6,Bone,Easterfield,beasterfield5@uol.com.br,Genderfluid,49.62.44.90
7,Delia,Hubbock,dhubbock6@cnet.com,Bigender,67.178.137.2
8,Merrili,Varker,mvarker7@twitter.com,Non-binary,216.20.134.215
9,Boy,Behr,bbehr8@smh.com.au,Male,143.140.162.233
10,Eada,Challes,echalles9@prnewswire.com,Female,243.80.204.87
11,Catherine,Marian,cmariana@dailymail.co.uk,Genderqueer,14.51.182.158
12,Susannah,Stiebler,sstieblerb@seesaa.net,Female,248.194.60.215
13,Basilius,McKoy,bmckoyc@latimes.com,Male,98.19.16.89
14,Kylynn,Lace,klaced@mit.edu,Female,49.60.88.27
15,Carlotta,Carwardine,ccarwardinee@imdb.com,Agender,156.57.219.86
16,Had,Gather,hgatherf@wsj.com,Non-binary,91.244.250.166
17,Flemming,Jeyness,fjeynessg@java.com,Genderfluid,102.223.169.192
18,Foss,Stichall,fstichallh@webs.com,Male,144.78.164.78
19,Spenser,Thaw,sthawi@china.com.cn,Agender,148.189.34.153
20,Orelle,Barfitt,obarfittj@digg.com,Agender,22.86.231.205
21,Quillan,Toffanelli,qtoffanellik@tinypic.com,Non-binary,167.222.154.181
22,Cherilynn,Lafford,claffordl@disqus.com,Genderfluid,29.104.17.169
23,Truda,Hinkes,thinkesm@blogspot.com,Genderqueer,218.18.6.14
24,Ephrayim,Papes,epapesn@cpanel.net,Bigender,199.224.28.193
25,Trey,MacEveley,tmaceveleyo@tumblr.com,Female,45.31.43.26
26,Andre,Buick,abuickp@vistaprint.com,Bigender,212.242.143.138
27,Virginia,Sansbury,vsansburyq@wiley.com,Bigender,25.125.243.130
28,Mead,Halse,mhalser@deviantart.com,Male,245.117.55.32
29,Dell,Last,dlasts@amazon.com,Female,233.212.218.167
30,Clemmie,Varker,cvarkert@weather.com,Bigender,124.74.250.160
31,Laurella,Sorrie,lsorrieu@sphinn.com,Genderqueer,149.233.67.20
32,Serena,Aleixo,saleixov@zdnet.com,Male,215.120.131.225
33,Shoshanna,Dedham,sdedhamw@webeden.co.uk,Agender,104.200.95.214
34,Theresina,Steuart,tsteuartx@reuters.com,Non-binary,40.114.23.127
35,Selene,Kingsley,skingsleyy@ucsd.edu,Non-binary,68.41.86.216
36,Hammad,Deeny,hdeenyz@bizjournals.com,Male,101.149.147.154
37,Kayla,Grisedale,kgrisedale10@booking.com,Genderqueer,165.234.28.232
38,Ronica,Grafton-Herbert,rgraftonherbert11@businesswire.com,Polygender,191.136.61.160
39,Xenia,Croney,xcroney12@usa.gov,Polygender,39.55.211.110
40,Vivienne,Yakov,vyakov13@omniture.com,Non-binary,134.64.210.73
41,Inger,MacDaid,imacdaid14@shutterfly.com,Non-binary,110.87.131.44
42,Burk,Borless,bborless15@scientificamerican.com,Genderfluid,161.157.70.231
43,Travus,Littlewood,tlittlewood16@cisco.com,Genderfluid,12.217.176.138
44,Wright,Crawshay,wcrawshay17@sun.com,Non-binary,19.28.18.63
45,Joana,Van Halle,jvanhalle18@exblog.jp,Genderfluid,25.40.63.166
46,Farlie,Donett,fdonett19@geocities.com,Genderqueer,241.87.97.201
47,Brooks,Kramer,bkramer1a@over-blog.com,Male,7.151.9.250
48,Rosemary,Halleday,rhalleday1b@blogs.com,Genderfluid,94.103.117.103
49,Jesselyn,Lukehurst,jlukehurst1c@cdc.gov,Non-binary,244.232.190.155
50,Marcile,Hobbema,mhobbema1d@ifeng.com,Agender,143.43.171.16
51,Perrine,Oliver-Paull,poliverpaull1e@oracle.com,Genderfluid,190.44.33.197
52,Irwin,Frazier,ifrazier1f@thetimes.co.uk,Genderfluid,53.189.3.125
53,Forrest,Crosdill,fcrosdill1g@t-online.de,Male,242.221.7.72
54,Cherilyn,Erdis,cerdis1h@over-blog.com,Bigender,107.231.101.111
55,Orly,Roddam,oroddam1i@samsung.com,Polygender,235.11.11.224
56,Rees,Menere,rmenere1j@stumbleupon.com,Polygender,193.126.170.214
57,Titus,Husset,thusset1k@smh.com.au,Polygender,207.100.66.4
58,Cob,Cheley,ccheley1l@privacy.gov.au,Non-binary,23.80.14.240
59,Wood,Cowhig,wcowhig1m@4shared.com,Female,72.114.173.187
60,Stanislas,Tayt,stayt1n@boston.com,Genderqueer,224.179.229.162
61,Debee,Orth,dorth1o@microsoft.com,Male,254.154.239.243
62,Igor,Amor,iamor1p@dagondesign.com,Agender,243.106.83.243
63,Mikael,Laybourne,mlaybourne1q@nature.com,Non-binary,179.121.63.104
64,Perkin,Harriman,pharriman1r@360.cn,Agender,233.191.251.224
65,Dulcinea,Jackalin,djackalin1s@slideshare.net,Female,228.56.103.148
66,Waverly,McIlmurray,wmcilmurray1t@slideshare.net,Bigender,228.247.45.144
67,Karolina,Forrington,kforrington1u@biglobe.ne.jp,Bigender,244.110.134.239
68,Noe,Jiruca,njiruca1v@instagram.com,Bigender,199.93.79.214
69,Julian,Ricart,jricart1w@redcross.org,Bigender,138.170.112.74
70,Skip,London,slondon1x@dmoz.org,Agender,175.150.208.82
71,Florentia,Dorrington,fdorrington1y@businesswire.com,Polygender,6.31.167.149
72,Gabbey,Dorcey,gdorcey1z@theguardian.com,Genderqueer,52.77.127.147
73,Edie,Cradey,ecradey20@foxnews.com,Female,160.194.119.0
74,Keene,Cayette,kcayette21@dot.gov,Non-binary,139.194.28.39
75,Shirlee,Affleck,saffleck22@utexas.edu,Polygender,1.107.193.207
76,Linoel,Jelliman,ljelliman23@uol.com.br,Agender,254.194.125.2
77,Sharai,Ruddick,sruddick24@joomla.org,Non-binary,33.167.177.39
78,Fabien,Ullyott,fullyott25@youtube.com,Agender,196.251.178.226
79,Noelle,Bulle,nbulle26@issuu.com,Agender,178.100.64.70
80,Thorpe,Reightley,treightley27@g.co,Female,83.132.70.32
81,Madelon,Bury,mbury28@sfgate.com,Non-binary,29.93.147.127
82,Rachele,Zanicchi,rzanicchi29@cbslocal.com,Bigender,5.80.232.102
83,Dorisa,Dallicott,ddallicott2a@dot.gov,Genderqueer,1.86.116.55
84,Harlen,Woodson,hwoodson2b@ibm.com,Female,24.131.84.146
85,Jacintha,Rothert,jrothert2c@ucla.edu,Female,208.232.78.99
86,Garrik,Ranklin,granklin2d@smh.com.au,Genderqueer,8.64.131.208
87,Marys,Carbery,mcarbery2e@last.fm,Female,192.178.138.152
88,Audrie,Gameson,agameson2f@about.com,Polygender,80.40.29.6
89,Eldin,Sillick,esillick2g@narod.ru,Polygender,142.69.18.201
90,Deane,Arrighini,darrighini2h@aboutads.info,Male,198.184.95.92
91,Orsola,Ronnay,oronnay2i@amazon.co.jp,Agender,147.79.226.32
92,Effie,Densham,edensham2j@unblog.fr,Non-binary,81.145.172.20
93,Marj,Karolewski,mkarolewski2k@time.com,Non-binary,28.156.189.211
94,Ambrosius,Woffinden,awoffinden2l@shinystat.com,Polygender,200.148.190.70
95,Bernadina,Speller,bspeller2m@flickr.com,Bigender,251.92.46.97
96,Leonore,Jorissen,ljorissen2n@discuz.net,Bigender,19.48.234.54
97,Fraser,McGrail,fmcgrail2o@wordpress.com,Genderqueer,129.224.103.179
98,Benton,Mustarde,bmustarde2p@ftc.gov,Female,114.232.12.159
99,Lewie,Faulkes,lfaulkes2q@twitter.com,Bigender,34.183.184.6
100,Rufe,Guidera,rguidera2r@linkedin.com,Bigender,26.115.47.132
101,Buddy,Gillson,bgillson2s@woothemes.com,Female,71.40.111.19
102,Antonin,Beamand,abeamand2t@noaa.gov,Agender,9.210.29.46
103,Haley,Kemmons,hkemmons2u@dedecms.com,Male,72.5.97.41
104,Dory,MacIlory,dmacilory2v@so-net.ne.jp,Genderfluid,199.97.220.252
105,Berkly,Gledstane,bgledstane2w@walmart.com,Female,115.51.126.108
106,Xymenes,Southcombe,xsouthcombe2x@bbc.co.uk,Non-binary,30.18.113.158
107,Gherardo,Danielski,gdanielski2y@shutterfly.com,Non-binary,243.222.209.34
108,Cherin,Sidworth,csidworth2z@google.ca,Genderqueer,67.158.241.23
109,Catha,Brenneke,cbrenneke30@ox.ac.uk,Male,22.144.69.180
110,Lucine,Halden,lhalden31@unesco.org,Bigender,234.255.221.182
111,Marietta,Guerrin,mguerrin32@tmall.com,Genderfluid,110.19.71.99
112,Keary,MacCracken,kmaccracken33@redcross.org,Non-binary,234.128.255.251
113,Tildie,Olivas,tolivas34@yellowbook.com,Genderfluid,31.30.234.181
114,Sherm,Tweddell,stweddell35@weibo.com,Genderfluid,117.223.187.28
115,Skylar,Sorey,ssorey36@rakuten.co.jp,Female,91.133.248.238
116,Jillian,Trevear,jtrevear37@meetup.com,Agender,32.221.211.119
117,Erminia,Uttridge,euttridge38@independent.co.uk,Genderqueer,109.135.102.137
118,Dasi,O'Dulchonta,dodulchonta39@weather.com,Bigender,228.2.14.248
119,Laure,Bresner,lbresner3a@wunderground.com,Agender,29.142.74.139
120,Holmes,Dowbekin,hdowbekin3b@ustream.tv,Polygender,176.195.3.111
121,Shauna,Salvage,ssalvage3c@abc.net.au,Polygender,106.227.90.118
122,Ardine,Rathe,arathe3d@nsw.gov.au,Female,219.147.136.161
123,Mair,Fouracre,mfouracre3e@wiley.com,Non-binary,140.36.189.139
124,Vincent,Bollom,vbollom3f@irs.gov,Non-binary,106.114.210.140
125,Kristopher,Whyborn,kwhyborn3g@cafepress.com,Agender,235.105.129.124
126,Gerek,Jesse,gjesse3h@umich.edu,Genderqueer,244.33.156.79
127,Pansy,Gronous,pgronous3i@miitbeian.gov.cn,Genderqueer,90.207.87.245
128,Huntley,Coathup,hcoathup3j@dion.ne.jp,Agender,146.76.248.253
129,Sybilla,Hazeman,shazeman3k@amazon.co.uk,Bigender,33.92.33.91
130,Eilis,Crippell,ecrippell3l@google.com,Genderqueer,63.93.220.155
131,Latrina,Acaster,lacaster3m@moonfruit.com,Bigender,114.143.159.54
132,Emmy,Hacquel,ehacquel3n@sourceforge.net,Agender,120.209.245.56
133,Lucas,Balwin,lbalwin3o@nsw.gov.au,Bigender,70.249.21.191
134,Liam,Bruinemann,lbruinemann3p@apache.org,Non-binary,221.214.136.119
135,Guthry,McGeachey,gmcgeachey3q@biblegateway.com,Bigender,223.236.121.104
136,Greg,Mosson,gmosson3r@ucoz.ru,Agender,81.168.19.130
137,Peder,Garforth,pgarforth3s@stumbleupon.com,Bigender,239.181.197.126
138,Rafferty,Mousley,rmousley3t@elegantthemes.com,Agender,180.209.125.221
139,Lillis,Harrowing,lharrowing3u@spotify.com,Male,181.60.32.4
140,Bendite,MacKenney,bmackenney3v@rambler.ru,Male,224.137.232.45
141,Annalise,Heis,aheis3w@jimdo.com,Male,105.139.53.33
142,Nickola,Slessar,nslessar3x@tumblr.com,Non-binary,128.254.193.101
143,Rachele,Fenney,rfenney3y@tinyurl.com,Polygender,246.199.177.225
144,Briant,Soar,bsoar3z@123-reg.co.uk,Genderqueer,134.239.194.95
145,Florance,Winsom,fwinsom40@domainmarket.com,Bigender,122.77.164.155
146,Bruis,Tixier,btixier41@arizona.edu,Genderqueer,228.208.123.30
147,Sydney,Cawte,scawte42@google.co.jp,Genderqueer,226.80.62.44
148,Collette,Coskerry,ccoskerry43@patch.com,Male,208.21.246.101
149,Leupold,Terram,lterram44@nbcnews.com,Polygender,190.103.17.176
150,Libbi,Oxlee,loxlee45@ning.com,Non-binary,140.101.107.217
151,Lorettalorna,Chazier,lchazier46@wikimedia.org,Polygender,118.147.65.238
152,Eberto,Wiersma,ewiersma47@xrea.com,Genderqueer,156.103.41.236
153,Martita,Aicheson,maicheson48@ebay.co.uk,Male,56.212.21.74
154,Randall,Cathesyed,rcathesyed49@ovh.net,Non-binary,246.174.149.253
155,Derek,Bellenger,dbellenger4a@china.com.cn,Non-binary,214.250.89.118
156,Gabbie,Beyn,gbeyn4b@gravatar.com,Agender,142.111.121.192
157,Rachel,Pyrke,rpyrke4c@ox.ac.uk,Non-binary,182.197.154.212
158,Dina,Maplethorpe,dmaplethorpe4d@discuz.net,Female,42.77.175.29
159,Osmund,Wormstone,owormstone4e@zdnet.com,Non-binary,42.93.221.164
160,Hadria,O'Gready,hogready4f@goo.ne.jp,Genderqueer,226.188.124.224
161,Tadeas,Kivell,tkivell4g@dell.com,Male,121.204.76.255
162,Emiline,Lavall,elavall4h@sciencedaily.com,Agender,182.143.227.91
163,Janeen,Rowdell,jrowdell4i@furl.net,Male,77.136.134.45
164,Goldia,McGinnis,gmcginnis4j@networksolutions.com,Male,252.79.44.55
165,Cyrus,Issacov,cissacov4k@mail.ru,Genderfluid,102.20.153.193
166,Janith,Kovnot,jkovnot4l@istockphoto.com,Agender,236.220.138.202
167,Bink,Sylett,bsylett4m@go.com,Male,155.106.0.37
168,Kristi,Pennaman,kpennaman4n@trellian.com,Genderfluid,135.71.199.238
169,Sayres,Brotherick,sbrotherick4o@yellowbook.com,Bigender,144.23.219.152
170,Alon,Muncey,amuncey4p@ca.gov,Female,81.209.171.66
171,Honey,Seston,hseston4q@tuttocitta.it,Non-binary,15.122.121.125
172,Del,Sabbins,dsabbins4r@examiner.com,Genderqueer,250.76.170.132
173,Claiborn,Kyteley,ckyteley4s@livejournal.com,Female,66.167.249.66
174,Matty,Feake,mfeake4t@sbwire.com,Polygender,199.94.163.147
175,Clint,Maruska,cmaruska4u@unicef.org,Bigender,135.230.99.51
176,Sibel,Belward,sbelward4v@fc2.com,Genderqueer,89.43.100.132
177,Karrie,Puller,kpuller4w@state.tx.us,Genderfluid,221.251.118.61
178,Carlyn,Woodman,cwoodman4x@addtoany.com,Polygender,171.181.171.110
179,Ugo,Monday,umonday4y@myspace.com,Non-binary,197.114.207.44
180,Culley,Casino,ccasino4z@instagram.com,Bigender,225.243.54.58
181,Wood,Edmand,wedmand50@123-reg.co.uk,Agender,173.125.245.160
182,Moina,De Vaan,mdevaan51@arizona.edu,Female,57.81.244.253
183,Vinnie,Linfitt,vlinfitt52@canalblog.com,Non-binary,177.158.19.75
184,Sibley,Shreve,sshreve53@plala.or.jp,Polygender,143.187.255.231
185,Jock,Tomaini,jtomaini54@mtv.com,Non-binary,193.236.147.220
186,Faina,Whines,fwhines55@usa.gov,Genderfluid,31.108.187.67
187,Guenevere,Parrett,gparrett56@redcross.org,Genderqueer,177.79.81.16
188,Bobbee,Jorg,bjorg57@people.com.cn,Genderfluid,117.90.130.179
189,Wit,Paine,wpaine58@squarespace.com,Polygender,203.114.206.167
190,Farra,Tweede,ftweede59@opera.com,Polygender,218.6.84.109
191,Carlee,Faivre,cfaivre5a@gmpg.org,Female,232.200.186.26
192,Lorne,Pottberry,lpottberry5b@spiegel.de,Female,27.25.104.253
193,Robinett,Scuffham,rscuffham5c@wikimedia.org,Agender,178.63.161.65
194,Ardith,Ranstead,aranstead5d@webnode.com,Genderfluid,236.127.248.14
195,Orville,Bondy,obondy5e@microsoft.com,Male,12.219.9.249
196,Cletis,Priestner,cpriestner5f@uol.com.br,Genderfluid,159.1.194.20
197,Beatriz,Chillingworth,bchillingworth5g@engadget.com,Bigender,61.32.141.234
198,Laurella,Megroff,lmegroff5h@issuu.com,Genderfluid,239.106.52.104
199,Valerie,Ditter,vditter5i@bandcamp.com,Female,164.206.129.29
200,Yettie,Massimi,ymassimi5j@patch.com,Agender,89.117.210.38
201,Kayla,Boncoeur,kboncoeur5k@usnews.com,Female,46.176.56.112
202,Consuelo,Setchfield,csetchfield5l@shinystat.com,Agender,239.40.79.205
203,Florina,Hauxby,fhauxby5m@dropbox.com,Genderqueer,96.226.156.213
204,Florinda,Marunchak,fmarunchak5n@baidu.com,Genderqueer,94.205.28.172
205,Hedy,Peto,hpeto5o@domainmarket.com,Genderqueer,85.248.186.175
206,Wood,Dmtrovic,wdmtrovic5p@reuters.com,Male,220.35.169.23
207,Barbara-anne,O'Dogherty,bodogherty5q@cnbc.com,Male,4.162.15.175
208,Elenore,Blayney,eblayney5r@amazonaws.com,Polygender,10.179.57.90
209,Tonnie,Edmondson,tedmondson5s@wikispaces.com,Bigender,22.178.99.178
210,Garret,Umpleby,gumpleby5t@booking.com,Genderqueer,146.61.220.201
211,Doll,O'Hdirscoll,dohdirscoll5u@arizona.edu,Genderqueer,58.153.174.90
212,Hedda,Figurski,hfigurski5v@discuz.net,Genderqueer,210.0.81.143
213,Laurella,Elijahu,lelijahu5w@cbslocal.com,Female,89.88.46.99
214,Bibi,Capell,bcapell5x@netscape.com,Male,106.46.119.251
215,Eugene,Christol,echristol5y@harvard.edu,Genderqueer,214.166.183.174
216,Christy,Lorne,clorne5z@nasa.gov,Genderfluid,67.153.24.179
217,Theobald,Wickey,twickey60@huffingtonpost.com,Agender,158.32.238.84
218,Ketty,Winsiowiecki,kwinsiowiecki61@bloomberg.com,Genderqueer,1.170.219.64
219,Emlen,Kings,ekings62@illinois.edu,Male,250.28.38.140
220,Farica,Gosneye,fgosneye63@java.com,Agender,251.20.158.148
221,Calida,Storry,cstorry64@patch.com,Bigender,214.243.84.100
222,Vonni,Brownsall,vbrownsall65@bluehost.com,Genderqueer,33.254.102.114
223,Valeda,Wane,vwane66@livejournal.com,Bigender,224.80.121.139
224,Vivi,Olley,volley67@buzzfeed.com,Agender,136.120.197.216
225,Lina,Cleyne,lcleyne68@tinyurl.com,Bigender,120.51.86.6
226,Vivyanne,Dillinger,vdillinger69@photobucket.com,Genderqueer,163.199.149.110
227,Denys,Wolland,dwolland6a@ebay.com,Polygender,80.107.229.255
228,Roddy,Christmas,rchristmas6b@geocities.jp,Non-binary,156.163.67.230
229,Cathrin,Ibel,cibel6c@nps.gov,Genderqueer,176.240.218.24
230,Andeee,Martignon,amartignon6d@google.ru,Female,100.116.241.87
231,Van,Recke,vrecke6e@yellowbook.com,Agender,152.19.31.24
232,Lissa,O'Hern,lohern6f@livejournal.com,Genderfluid,249.141.226.183
233,Beck,Lyptrade,blyptrade6g@soundcloud.com,Genderfluid,235.241.11.123
234,Pip,Clemmens,pclemmens6h@scientificamerican.com,Bigender,230.192.106.10
235,Jodie,Dunnan,jdunnan6i@sphinn.com,Male,69.135.42.180
236,Lynn,Berth,lberth6j@e-recht24.de,Bigender,40.63.129.63
237,Rogerio,Whillock,rwhillock6k@facebook.com,Non-binary,61.240.184.52
238,Annie,Bakesef,abakesef6l@51.la,Agender,122.228.215.175
239,Marielle,Bartoshevich,mbartoshevich6m@npr.org,Polygender,50.105.233.196
240,Deirdre,Lagadu,dlagadu6n@github.io,Female,25.227.69.167
241,Bendite,Lamers,blamers6o@sourceforge.net,Non-binary,134.215.230.67
242,Deina,Dudny,ddudny6p@admin.ch,Polygender,243.230.212.145
243,Dorrie,Stannett,dstannett6q@umn.edu,Genderfluid,35.51.147.213
244,Deana,Grob,dgrob6r@craigslist.org,Bigender,200.206.26.19
245,Aldridge,Gillio,agillio6s@nymag.com,Male,55.231.127.251
246,Garwin,Lermit,glermit6t@yellowbook.com,Genderqueer,106.104.135.158
247,Leisha,Nawton,lnawton6u@printfriendly.com,Non-binary,232.165.198.252
248,Frieda,Lennox,flennox6v@ed.gov,Agender,192.125.50.166
249,Devina,Barensen,dbarensen6w@cargocollective.com,Genderqueer,151.24.201.101
250,Inga,Tremain,itremain6x@slashdot.org,Polygender,79.35.139.83
251,Batsheva,Guyers,bguyers6y@state.tx.us,Bigender,123.129.202.62
252,Gerardo,Fussell,gfussell6z@digg.com,Bigender,143.7.27.33
253,Jandy,Balling,jballing70@etsy.com,Bigender,29.88.158.180
254,Brandais,Noon,bnoon71@nymag.com,Female,205.29.37.222
255,Zebulon,Denerley,zdenerley72@meetup.com,Female,45.121.93.8
256,Sigfried,Cockayne,scockayne73@globo.com,Agender,110.35.12.209
257,Micheline,Braidford,mbraidford74@kickstarter.com,Polygender,255.39.110.115
258,Miller,Atkins,matkins75@studiopress.com,Genderfluid,129.96.36.195
259,Colene,Norcock,cnorcock76@google.com.hk,Male,249.191.252.65
260,Dorine,Simison,dsimison77@altervista.org,Polygender,84.114.9.136
261,Christiane,Burnhams,cburnhams78@answers.com,Agender,243.109.201.143
262,Eldridge,Lackmann,elackmann79@buzzfeed.com,Male,160.237.181.187
263,Madelyn,Graddon,mgraddon7a@jalbum.net,Agender,254.1.250.193
264,Collie,Werrit,cwerrit7b@wordpress.org,Genderfluid,114.249.215.150
265,Pattie,Dyson,pdyson7c@trellian.com,Male,1.120.138.111
266,Base,Jaycock,bjaycock7d@networksolutions.com,Genderfluid,176.84.225.47
267,Ross,Scobie,rscobie7e@bloglovin.com,Male,60.5.247.79
268,Boothe,Ilsley,bilsley7f@is.gd,Male,59.20.190.11
269,Drake,Hinrichs,dhinrichs7g@cpanel.net,Non-binary,71.215.245.50
270,Phoebe,Speariett,pspeariett7h@washingtonpost.com,Non-binary,3.55.175.56
271,Vernice,Lindenbaum,vlindenbaum7i@artisteer.com,Male,155.12.239.53
272,Donella,Swateridge,dswateridge7j@usatoday.com,Female,99.69.194.35
273,Kalie,Lancetter,klancetter7k@altervista.org,Bigender,172.63.202.224
274,Sydel,Boggs,sboggs7l@nydailynews.com,Polygender,73.71.245.171
275,Bennie,Punyer,bpunyer7m@spiegel.de,Non-binary,49.217.94.88
276,Bendick,Devons,bdevons7n@google.ru,Bigender,82.158.3.122
277,Halsy,Fever,hfever7o@naver.com,Male,222.177.114.132
278,Selby,Cotelard,scotelard7p@blog.com,Genderfluid,185.162.185.84
279,Edik,Youel,eyouel7q@soundcloud.com,Agender,178.187.120.237
280,Elihu,Chappelow,echappelow7r@istockphoto.com,Male,244.109.1.235
281,Danice,McGinnis,dmcginnis7s@angelfire.com,Polygender,94.46.27.240
282,Gallagher,Woodyer,gwoodyer7t@pen.io,Genderfluid,239.200.234.41
283,Lydon,Uppett,luppett7u@macromedia.com,Agender,61.19.31.99
284,Haven,Pexton,hpexton7v@answers.com,Genderfluid,52.84.175.152
285,Isa,Klulicek,iklulicek7w@google.ru,Polygender,181.189.184.131
286,Esdras,Thirlwell,ethirlwell7x@google.co.uk,Female,243.146.74.67
287,Karena,Bichard,kbichard7y@feedburner.com,Female,169.121.38.232
288,Crosby,Tingcomb,ctingcomb7z@weather.com,Genderfluid,172.57.62.166
289,Sascha,Brittlebank,sbrittlebank80@bizjournals.com,Male,35.34.70.38
290,Hilary,Boddie,hboddie81@elpais.com,Polygender,0.110.121.26
291,Ardys,Paddemore,apaddemore82@sphinn.com,Non-binary,145.111.117.234
292,Mable,Beechcraft,mbeechcraft83@ox.ac.uk,Genderqueer,20.107.214.64
293,Julissa,Keese,jkeese84@zdnet.com,Male,228.189.0.184
294,Libbey,Fairham,lfairham85@stanford.edu,Polygender,159.74.16.245
295,Marlowe,Garbett,mgarbett86@state.gov,Bigender,167.204.35.53
296,Cynthy,Bracknell,cbracknell87@huffingtonpost.com,Bigender,103.174.242.196
297,Jennee,Holtom,jholtom88@boston.com,Non-binary,208.113.16.231
298,Desdemona,Musterd,dmusterd89@reddit.com,Female,8.2.42.0
299,Milka,Taylor,mtaylor8a@symantec.com,Polygender,243.32.152.252
300,Lorain,Lippitt,llippitt8b@senate.gov,Genderfluid,190.70.46.112
301,Kain,Easby,keasby8c@bizjournals.com,Bigender,111.20.209.245
302,Elsy,Benedit,ebenedit8d@archive.org,Polygender,103.235.102.210
303,Rafa,Lanney,rlanney8e@123-reg.co.uk,Polygender,31.41.98.228
304,Seward,Raff,sraff8f@ovh.net,Genderfluid,207.19.2.223
305,Eleni,Aylott,eaylott8g@list-manage.com,Genderfluid,178.74.140.89
306,Sloane,Kester,skester8h@t.co,Genderqueer,49.240.124.203
307,Kimberlyn,Skayman,kskayman8i@mozilla.org,Agender,100.245.83.12
308,Gennifer,Bullant,gbullant8j@twitter.com,Non-binary,255.87.46.143
309,Rosabelle,MacCroary,rmaccroary8k@tmall.com,Non-binary,129.223.245.7
310,Devora,Whisby,dwhisby8l@last.fm,Female,254.4.23.185
311,Melba,Puttergill,mputtergill8m@fotki.com,Bigender,214.23.104.57
312,Donny,Kobu,dkobu8n@cbsnews.com,Genderqueer,190.64.173.77
313,Wainwright,Hulme,whulme8o@cam.ac.uk,Agender,163.224.173.2
314,Stearn,Maasz,smaasz8p@techcrunch.com,Male,161.11.10.127
315,Pam,Cockell,pcockell8q@wunderground.com,Polygender,52.42.34.51
316,Yoshi,Stede,ystede8r@plala.or.jp,Polygender,245.108.59.46
317,Elfie,Vigars,evigars8s@behance.net,Genderfluid,46.249.216.223
318,Morlee,Esselin,messelin8t@t-online.de,Genderqueer,42.213.10.50
319,Ruby,Qusklay,rqusklay8u@google.cn,Bigender,77.158.69.40
320,Di,Prin,dprin8v@diigo.com,Male,222.88.170.201
321,Gale,Gooda,ggooda8w@studiopress.com,Male,170.86.13.249
322,Tildy,Hundell,thundell8x@biblegateway.com,Bigender,107.96.143.93
323,Zebulen,Markwick,zmarkwick8y@ihg.com,Bigender,8.149.197.96
324,Bearnard,Webberley,bwebberley8z@nytimes.com,Genderfluid,197.55.219.159
325,Adele,Cradock,acradock90@barnesandnoble.com,Bigender,230.193.202.253
326,Lewie,Hanne,lhanne91@hp.com,Agender,236.223.139.209
327,Alys,McKane,amckane92@state.tx.us,Male,182.37.241.106
328,Darell,Chatelot,dchatelot93@arstechnica.com,Female,178.215.189.127
329,Rodney,Cloney,rcloney94@sourceforge.net,Male,205.76.41.194
330,Lionello,Mugleston,lmugleston95@weather.com,Polygender,154.247.249.234
331,Mufinella,Buckberry,mbuckberry96@free.fr,Male,5.46.130.88
332,Ricca,Silvers,rsilvers97@g.co,Female,73.153.67.12
333,Dodie,Aldwick,daldwick98@purevolume.com,Agender,46.96.48.199
334,Mabel,Spurdens,mspurdens99@fotki.com,Genderfluid,44.55.105.37
335,Doroteya,Dowglass,ddowglass9a@yale.edu,Bigender,90.165.34.99
336,Fonzie,Tungay,ftungay9b@tiny.cc,Non-binary,217.4.93.22
337,Liuka,Olenichev,lolenichev9c@desdev.cn,Genderqueer,149.249.154.253
338,Lolly,Seakin,lseakin9d@linkedin.com,Genderqueer,23.24.193.39
339,Genna,Oakeshott,goakeshott9e@creativecommons.org,Agender,226.172.243.34
340,Saudra,Riccio,sriccio9f@e-recht24.de,Genderfluid,41.249.56.152
341,Marianna,Cleare,mcleare9g@ameblo.jp,Genderqueer,133.42.30.58
342,Gianna,Youngs,gyoungs9h@amazon.de,Non-binary,89.0.130.1
343,Verena,Glanton,vglanton9i@yellowbook.com,Polygender,192.203.190.199
344,May,Levane,mlevane9j@friendfeed.com,Bigender,92.95.110.207
345,Gabbey,McLewd,gmclewd9k@friendfeed.com,Female,217.88.102.161
346,Alta,Rumbold,arumbold9l@merriam-webster.com,Female,237.110.127.101
347,Lynnelle,Balcombe,lbalcombe9m@xing.com,Female,55.34.235.183
348,Gianni,Gowdridge,ggowdridge9n@ebay.co.uk,Bigender,103.53.63.23
349,Ardys,Gallamore,agallamore9o@state.gov,Agender,69.175.71.80
350,Tull,Littleproud,tlittleproud9p@cnet.com,Agender,142.106.159.133
351,Georgina,Gilliat,ggilliat9q@wordpress.com,Non-binary,50.225.98.141
352,Jordan,Madill,jmadill9r@nba.com,Non-binary,183.136.233.126
353,Sarajane,Kehir,skehir9s@usgs.gov,Female,107.168.63.128
354,Gloriane,Novacek,gnovacek9t@last.fm,Polygender,72.113.180.98
355,Nicole,Mahomet,nmahomet9u@fc2.com,Agender,235.9.76.56
356,Farica,Zielinski,fzielinski9v@irs.gov,Polygender,72.201.239.58
357,Karee,Elan,kelan9w@wikispaces.com,Genderqueer,2.29.25.243
358,Pansie,Gipps,pgipps9x@google.fr,Genderqueer,113.37.144.188
359,Robbie,Djurdjevic,rdjurdjevic9y@cornell.edu,Genderqueer,214.94.58.105
360,Salvador,Corby,scorby9z@slideshare.net,Male,119.187.45.202
361,Nikoletta,Thunnercliff,nthunnercliffa0@cisco.com,Male,227.8.227.163
362,Ephrayim,Penkman,epenkmana1@com.com,Non-binary,52.127.196.15
363,Ailee,Petrovykh,apetrovykha2@blog.com,Polygender,250.213.144.244
364,Todd,Gant,tganta3@home.pl,Genderfluid,150.194.148.72
365,Hillary,Blow,hblowa4@fotki.com,Male,251.181.4.74
366,Matthieu,Leith-Harvey,mleithharveya5@github.com,Female,44.123.58.235
367,Neill,Kennedy,nkennedya6@mac.com,Non-binary,73.211.173.211
368,Nani,Simonyi,nsimonyia7@va.gov,Male,18.214.139.4
369,Peri,Scrimgeour,pscrimgeoura8@360.cn,Polygender,139.106.23.71
370,Cloe,Duffill,cduffilla9@devhub.com,Agender,77.161.49.76
371,Eileen,Boult,eboultaa@nyu.edu,Genderfluid,123.66.104.166
372,Terencio,Bartelli,tbartelliab@google.ru,Non-binary,251.148.110.81
373,Georgena,Carden,gcardenac@nih.gov,Agender,74.216.96.142
374,Miof mela,Emm,memmad@quantcast.com,Bigender,124.80.255.2
375,Westleigh,Harcase,wharcaseae@i2i.jp,Male,178.103.87.119
376,Jessa,Spadoni,jspadoniaf@google.ca,Non-binary,167.199.239.235
377,Kendra,Worlidge,kworlidgeag@harvard.edu,Non-binary,62.253.58.33
378,Zena,Mandre,zmandreah@shareasale.com,Polygender,232.187.43.254
379,Dag,Wyley,dwyleyai@liveinternet.ru,Agender,222.243.238.34
380,Deni,Pietrzak,dpietrzakaj@statcounter.com,Genderqueer,169.250.55.120
381,Che,Dooland,cdoolandak@oracle.com,Polygender,127.177.6.32
382,Osbert,Lejeune,olejeuneal@odnoklassniki.ru,Polygender,36.16.68.224
383,Carter,Stair,cstairam@noaa.gov,Female,248.108.238.145
384,Tate,Petrelli,tpetrellian@dion.ne.jp,Genderfluid,208.185.242.35
385,Gloria,Sturgis,gsturgisao@apache.org,Polygender,149.160.39.2
386,Quinton,Beausang,qbeausangap@devhub.com,Polygender,120.198.81.74
387,Evangelia,Kendle,ekendleaq@constantcontact.com,Agender,117.56.125.99
388,Perle,Sarjeant,psarjeantar@xing.com,Male,6.109.61.120
389,Morley,Harper,mharperas@wikipedia.org,Non-binary,9.97.231.238
390,Joann,Penquet,jpenquetat@naver.com,Genderqueer,130.221.164.152
391,Ruben,Kreutzer,rkreutzerau@indiatimes.com,Polygender,77.38.214.220
392,Hermie,Gatteridge,hgatteridgeav@ustream.tv,Genderfluid,96.35.12.102
393,Selle,Charity,scharityaw@cnet.com,Polygender,80.243.172.86
394,Ellswerth,Illyes,eillyesax@apache.org,Non-binary,246.149.77.75
395,Marys,Lainton,mlaintonay@lulu.com,Non-binary,178.142.120.225
396,Derward,Kiessel,dkiesselaz@hugedomains.com,Male,168.50.99.225
397,Hartwell,Bahia,hbahiab0@indiegogo.com,Bigender,72.191.142.76
398,Rand,Harbord,rharbordb1@disqus.com,Polygender,191.95.173.244
399,Clarisse,Le Gassick,clegassickb2@topsy.com,Agender,121.230.230.73
400,Emmey,Baise,ebaiseb3@icq.com,Polygender,97.35.218.144
401,Eugenio,Neve,eneveb4@dion.ne.jp,Bigender,48.64.117.177
402,Tilly,De Lisle,tdelisleb5@sina.com.cn,Genderqueer,54.137.164.199
403,Aksel,Smallcombe,asmallcombeb6@pagesperso-orange.fr,Female,193.231.146.244
404,Salmon,Sivyour,ssivyourb7@elpais.com,Genderfluid,66.181.154.184
405,Tomasine,Smitherman,tsmithermanb8@illinois.edu,Female,38.218.102.135
406,Mickie,Keepence,mkeepenceb9@nationalgeographic.com,Polygender,84.194.149.206
407,Warner,Axell,waxellba@youku.com,Non-binary,30.46.12.243
408,Ashil,Gohn,agohnbb@mozilla.org,Bigender,232.244.41.170
409,Tristan,Eastmead,teastmeadbc@facebook.com,Genderqueer,239.147.124.226
410,Arnie,Westberg,awestbergbd@furl.net,Genderfluid,17.32.32.40
411,Gilda,Nurny,gnurnybe@mac.com,Agender,157.167.11.37
412,Glen,Higgen,ghiggenbf@apache.org,Polygender,90.191.1.104
413,Mikel,Olohan,molohanbg@craigslist.org,Bigender,95.187.74.144
414,Baxy,Flett,bflettbh@bluehost.com,Polygender,57.222.35.126
415,Lin,Canete,lcanetebi@cpanel.net,Non-binary,194.116.50.65
416,Tamar,Janu,tjanubj@netscape.com,Male,95.132.97.179
417,Kerrill,Delahunt,kdelahuntbk@ifeng.com,Bigender,207.129.3.22
418,Therine,Erik,terikbl@tripod.com,Genderqueer,98.182.248.161
419,Ruperta,Gilberthorpe,rgilberthorpebm@taobao.com,Female,218.162.221.81
420,Jeth,Minshall,jminshallbn@census.gov,Non-binary,110.227.252.96
421,Giusto,Tratton,gtrattonbo@imdb.com,Genderqueer,72.56.179.8
422,Pepita,Segge,pseggebp@free.fr,Agender,57.50.104.82
423,Doris,Warwick,dwarwickbq@webs.com,Polygender,201.157.35.57
424,Nancie,Basley,nbasleybr@flickr.com,Agender,224.150.35.18
425,Johannes,Trussman,jtrussmanbs@tamu.edu,Bigender,188.140.130.229
426,Lind,Whitty,lwhittybt@dailymail.co.uk,Non-binary,142.101.205.161
427,Granger,Crankshaw,gcrankshawbu@tamu.edu,Female,176.142.196.134
428,Edi,Audas,eaudasbv@unc.edu,Non-binary,209.166.20.21
429,Ruprecht,Clarycott,rclarycottbw@ameblo.jp,Polygender,56.127.17.145
430,Ynes,De Witt,ydewittbx@bluehost.com,Genderfluid,81.145.189.174
431,Elia,Grimstead,egrimsteadby@digg.com,Male,115.227.172.186
432,Dela,Eberts,debertsbz@europa.eu,Polygender,27.96.231.199
433,Jennilee,Halton,jhaltonc0@51.la,Male,106.213.43.48
434,Elston,Mathivon,emathivonc1@free.fr,Non-binary,82.51.193.233
435,Hermy,Sandwith,hsandwithc2@twitpic.com,Genderfluid,208.238.155.151
436,Bertha,Alison,balisonc3@cmu.edu,Agender,154.170.13.85
437,Arnold,Troak,atroakc4@mayoclinic.com,Polygender,247.53.111.34
438,Patrizius,Morrieson,pmorriesonc5@va.gov,Male,222.215.54.74
439,Melonie,Fairnington,mfairningtonc6@tripod.com,Genderfluid,219.34.172.213
440,Janis,Poinsett,jpoinsettc7@dailymotion.com,Agender,15.4.169.95
441,Bartram,Alyonov,balyonovc8@sbwire.com,Genderqueer,174.94.241.35
442,Lizabeth,Timmermann,ltimmermannc9@disqus.com,Female,71.165.173.239
443,Gay,Dashper,gdashperca@alibaba.com,Male,173.237.172.97
444,Melvyn,Chrestien,mchrestiencb@forbes.com,Female,23.51.74.3
445,Keir,Bragger,kbraggercc@indiegogo.com,Non-binary,180.219.145.136
446,Batholomew,Randerson,brandersoncd@ft.com,Genderfluid,9.42.229.97
447,Dex,Plampeyn,dplampeynce@opera.com,Male,36.92.254.138
448,Zacharia,Rayburn,zrayburncf@opensource.org,Genderqueer,82.34.198.187
449,Quentin,Cookson,qcooksoncg@latimes.com,Genderqueer,181.143.200.174
450,Olympia,Brazur,obrazurch@blogspot.com,Male,77.119.128.29
451,Sibylle,Orniz,sornizci@paypal.com,Polygender,117.153.5.206
452,Dinah,Gloy,dgloycj@netvibes.com,Non-binary,74.240.66.244
453,Lisette,Clorley,lclorleyck@wikipedia.org,Genderqueer,126.213.11.211
454,Braden,Trewartha,btrewarthacl@xing.com,Female,134.86.184.80
455,Broddie,Lineham,blinehamcm@51.la,Polygender,78.71.84.176
456,Angelika,Searchfield,asearchfieldcn@bandcamp.com,Agender,135.189.35.67
457,Cosette,Flipsen,cflipsenco@wp.com,Genderqueer,204.239.177.112
458,Blondelle,Degli Abbati,bdegliabbaticp@vkontakte.ru,Genderfluid,3.194.128.31
459,Arch,Fraschini,afraschinicq@mysql.com,Non-binary,20.67.170.219
460,Nap,BoHlingolsen,nbohlingolsencr@pbs.org,Male,48.37.142.43
461,Reta,Cushion,rcushioncs@shop-pro.jp,Genderqueer,132.17.53.173
462,Bride,Woollard,bwoollardct@digg.com,Agender,194.208.186.45
463,Jeana,Raynard,jraynardcu@topsy.com,Genderqueer,2.21.40.240
464,Arvy,Stoyles,astoylescv@comsenz.com,Non-binary,211.142.37.20
465,Robbyn,Turley,rturleycw@microsoft.com,Non-binary,42.106.207.12
466,Carole,Haffner,chaffnercx@weebly.com,Agender,58.129.251.185
467,Freeman,Brigman,fbrigmancy@theglobeandmail.com,Bigender,18.115.211.179
468,Haley,Broadway,hbroadwaycz@goodreads.com,Bigender,204.130.103.134
469,Andrey,Avraham,aavrahamd0@vkontakte.ru,Bigender,97.33.209.223
470,Collin,Golborn,cgolbornd1@geocities.com,Female,55.110.236.170
471,Cecilius,MacDermott,cmacdermottd2@instagram.com,Agender,169.231.252.75
472,Ibbie,Tille,itilled3@meetup.com,Non-binary,247.55.16.28
473,Pansy,Martensen,pmartensend4@sbwire.com,Male,227.23.195.140
474,Cordelia,Wye,cwyed5@jimdo.com,Non-binary,216.205.169.120
475,Kathe,Saffle,ksaffled6@slate.com,Polygender,208.103.14.10
476,Theodoric,Ovey,toveyd7@ezinearticles.com,Bigender,248.172.39.203
477,Abramo,Jindrich,ajindrichd8@examiner.com,Polygender,65.190.38.222
478,Kerby,Kneller,kknellerd9@cam.ac.uk,Non-binary,242.8.83.51
479,Ansel,Brightling,abrightlingda@reverbnation.com,Polygender,251.138.172.243
480,Osmund,Dupre,odupredb@bing.com,Bigender,64.246.64.93
481,Sayre,Braley,sbraleydc@msn.com,Female,222.27.19.128
482,Lev,Agnew,lagnewdd@list-manage.com,Non-binary,210.148.132.30
483,Constantia,Leglise,cleglisede@hibu.com,Bigender,215.128.88.231
484,Stacy,Casewell,scasewelldf@naver.com,Genderfluid,60.35.38.25
485,Kelila,Demetr,kdemetrdg@uiuc.edu,Genderfluid,208.20.115.184
486,Lise,Clemendet,lclemendetdh@auda.org.au,Bigender,45.132.109.229
487,Mikel,Huard,mhuarddi@soundcloud.com,Genderqueer,167.94.61.71
488,Josephine,Tong,jtongdj@arizona.edu,Genderqueer,200.157.182.104
489,Teresita,Clarae,tclaraedk@pcworld.com,Genderfluid,18.42.102.6
490,Malinda,Courtliff,mcourtliffdl@ycombinator.com,Genderqueer,194.153.161.36
491,Yolanda,Dewdney,ydewdneydm@slideshare.net,Genderfluid,131.4.188.167
492,Susi,Ethington,sethingtondn@photobucket.com,Female,165.128.116.179
493,Cassie,Meriton,cmeritondo@redcross.org,Female,86.252.65.42
494,Redd,Kuhnert,rkuhnertdp@ft.com,Genderfluid,171.159.17.180
495,Aurelea,Hilldrop,ahilldropdq@domainmarket.com,Bigender,160.17.34.85
496,Genvieve,Basterfield,gbasterfielddr@pen.io,Genderqueer,180.79.226.51
497,Rutger,Ceely,rceelyds@apple.com,Bigender,74.206.175.127
498,Guido,Rentenbeck,grentenbeckdt@nifty.com,Agender,146.215.255.162
499,Sampson,Bidder,sbidderdu@dion.ne.jp,Agender,144.246.1.55
500,Ethelind,Lampkin,elampkindv@spotify.com,Genderqueer,68.36.173.95
501,Miller,Ruffles,mrufflesdw@harvard.edu,Agender,105.103.229.216
502,Christian,Gyorffy,cgyorffydx@howstuffworks.com,Genderqueer,74.82.9.190
503,Bernelle,Tilne,btilnedy@jigsy.com,Bigender,159.169.189.153
504,Melessa,Kingdom,mkingdomdz@state.tx.us,Bigender,20.86.62.66
505,Lotte,Langhorn,llanghorne0@delicious.com,Polygender,11.14.254.147
506,Xever,Anglish,xanglishe1@psu.edu,Female,179.79.176.239
507,Pansie,Veeler,pveelere2@joomla.org,Male,83.12.119.216
508,Doreen,Janton,djantone3@netvibes.com,Genderfluid,197.165.171.153
509,Godard,Gaskarth,ggaskarthe4@pagesperso-orange.fr,Bigender,97.127.250.249
510,Grayce,Trask,gtraske5@netlog.com,Genderqueer,59.189.37.106
511,Kerwinn,Blackburn,kblackburne6@spiegel.de,Agender,125.246.209.46
512,Doloritas,Kebbell,dkebbelle7@foxnews.com,Genderfluid,185.20.133.46
513,Harwilll,Chevers,hcheverse8@e-recht24.de,Male,33.19.58.242
514,Igor,Welman,iwelmane9@google.pl,Genderqueer,156.215.77.79
515,Laurence,Cahani,lcahaniea@foxnews.com,Agender,88.222.38.36
516,Jolynn,Klebes,jklebeseb@cornell.edu,Non-binary,124.243.57.206
517,Georgeta,Mandrey,gmandreyec@reference.com,Non-binary,241.66.140.58
518,Alaric,Southcombe,asouthcombeed@163.com,Polygender,225.233.110.43
519,Elisha,Liggens,eliggensee@state.tx.us,Agender,254.81.222.250
520,Tanya,Sich,tsichef@cpanel.net,Male,40.40.129.114
521,Fifine,Leisman,fleismaneg@uol.com.br,Polygender,221.94.189.85
522,Dorena,Elwyn,delwyneh@freewebs.com,Male,26.213.207.140
523,Vida,Richemond,vrichemondei@wix.com,Agender,36.160.127.162
524,Ford,Fothergill,ffothergillej@about.com,Male,38.192.247.148
525,Nancie,Richings,nrichingsek@wired.com,Polygender,21.14.33.2
526,Jeramey,Lanfere,jlanfereel@un.org,Male,154.211.121.106
527,Alaric,Huyche,ahuycheem@economist.com,Genderqueer,95.200.112.197
528,Michaeline,Rogers,mrogersen@google.es,Polygender,12.239.216.149
529,Hollyanne,Attlee,hattleeeo@bbc.co.uk,Bigender,137.98.207.241
530,Mallorie,Melrose,mmelroseep@google.ru,Genderqueer,85.167.122.242
531,Jerome,Cayet,jcayeteq@skype.com,Male,115.125.172.211
532,Tiphanie,Matanin,tmataniner@fc2.com,Bigender,167.111.71.252
533,Abagael,Audibert,aaudibertes@ibm.com,Female,170.135.154.164
534,Eldin,Merton,emertonet@oaic.gov.au,Polygender,204.216.194.196
535,Ursa,Clawsley,uclawsleyeu@dailymotion.com,Male,47.94.154.214
536,Carmelle,Boat,cboatev@wikipedia.org,Male,116.42.52.203
537,Vin,Teresse,vteresseew@hp.com,Male,198.237.13.64
538,Mair,Ovesen,movesenex@360.cn,Agender,220.215.33.44
539,Kaiser,Duplan,kduplaney@t.co,Non-binary,249.36.50.70
540,Saree,Dibben,sdibbenez@goodreads.com,Genderfluid,52.118.216.132
541,Raimund,Whannel,rwhannelf0@digg.com,Non-binary,90.71.240.42
542,Johnna,Riggs,jriggsf1@seesaa.net,Genderfluid,209.51.138.199
543,Rois,Vigours,rvigoursf2@sbwire.com,Polygender,24.195.25.253
544,Addi,Sommerfeld,asommerfeldf3@1und1.de,Non-binary,45.102.243.110
545,Lindsey,Follows,lfollowsf4@archive.org,Non-binary,124.146.220.78
546,Vilhelmina,Piggens,vpiggensf5@aboutads.info,Male,17.219.236.179
547,Burt,Galtone,bgaltonef6@dagondesign.com,Male,70.121.172.98
548,Whitaker,Mirams,wmiramsf7@nyu.edu,Male,214.47.140.234
549,Reine,Necrews,rnecrewsf8@tinypic.com,Female,159.241.245.64
550,Atalanta,Pilipets,apilipetsf9@reuters.com,Polygender,51.186.84.7
551,Jecho,Sandcraft,jsandcraftfa@blogspot.com,Genderfluid,97.238.75.128
552,Robinson,Fakeley,rfakeleyfb@purevolume.com,Genderqueer,50.140.31.169
553,Heath,Remirez,hremirezfc@mac.com,Agender,177.36.213.77
554,Mercy,Coulter,mcoulterfd@miitbeian.gov.cn,Male,4.190.186.132
555,Udale,Baike,ubaikefe@yandex.ru,Male,214.67.159.175
556,Dido,Britee,dbriteeff@baidu.com,Agender,132.128.141.9
557,Torr,Hugli,thuglifg@upenn.edu,Genderfluid,188.35.192.139
558,Jeanine,Camilio,jcamiliofh@goodreads.com,Female,2.178.234.209
559,Rasia,Burne,rburnefi@hugedomains.com,Polygender,214.214.38.4
560,Law,Sherbrook,lsherbrookfj@ifeng.com,Genderfluid,56.209.126.124
561,Felicia,Chessum,fchessumfk@behance.net,Female,193.101.86.12
562,Annette,Beaston,abeastonfl@shinystat.com,Bigender,249.182.100.179
563,Lars,Antao,lantaofm@addthis.com,Bigender,212.235.33.175
564,Dorelle,Sedworth,dsedworthfn@huffingtonpost.com,Polygender,254.74.247.22
565,Gail,Huntress,ghuntressfo@wisc.edu,Female,67.203.65.72
566,Calhoun,d'Arcy,cdarcyfp@fastcompany.com,Genderqueer,112.87.116.197
567,Pierette,Bourget,pbourgetfq@jugem.jp,Non-binary,93.58.130.220
568,Charlene,Rodgier,crodgierfr@biblegateway.com,Female,32.238.251.204
569,Florence,Eard,feardfs@facebook.com,Genderfluid,225.151.139.98
570,Ali,O'Cullinane,aocullinaneft@wikimedia.org,Female,142.233.80.176
571,Giselle,Jasik,gjasikfu@newsvine.com,Genderfluid,143.227.160.167
572,Alyce,Salt,asaltfv@acquirethisname.com,Male,39.251.188.44
573,Sidoney,Stamp,sstampfw@irs.gov,Non-binary,79.219.142.26
574,Wilton,Haselhurst,whaselhurstfx@wufoo.com,Female,180.196.184.89
575,Jeanette,Olivella,jolivellafy@vimeo.com,Non-binary,148.109.188.215
576,Estrellita,Heape,eheapefz@artisteer.com,Agender,124.105.216.160
577,Alice,Dalston,adalstong0@360.cn,Non-binary,20.53.27.125
578,Maryjane,Ennion,menniong1@prlog.org,Polygender,218.219.41.228
579,Aubrey,Currom,acurromg2@nyu.edu,Genderqueer,199.139.214.108
580,Talyah,Delhanty,tdelhantyg3@wikipedia.org,Non-binary,7.118.249.251
581,Yetta,Mulvenna,ymulvennag4@rambler.ru,Genderqueer,192.25.42.158
582,Jacquie,Rieger,jriegerg5@usgs.gov,Male,159.227.151.187
583,Layney,Vassbender,lvassbenderg6@yale.edu,Genderqueer,172.233.45.172
584,Yetta,Goodee,ygoodeeg7@google.es,Male,8.176.18.223
585,Beverley,Kinker,bkinkerg8@ask.com,Genderfluid,132.98.99.49
586,Clywd,Gimlet,cgimletg9@youtube.com,Male,220.245.156.63
587,Cornall,Kermeen,ckermeenga@alibaba.com,Non-binary,9.71.80.175
588,Wayne,Betteson,wbettesongb@blogspot.com,Non-binary,166.149.117.210
589,Lesya,Capineer,lcapineergc@buzzfeed.com,Non-binary,92.142.101.86
590,Aila,Zellner,azellnergd@tripod.com,Non-binary,62.32.115.52
591,Ashely,Brelsford,abrelsfordge@hubpages.com,Polygender,140.180.41.48
592,Alanna,Burney,aburneygf@china.com.cn,Genderqueer,54.232.246.4
593,Krystle,Baigent,kbaigentgg@theglobeandmail.com,Male,210.138.247.140
594,Moishe,Harman,mharmangh@adobe.com,Non-binary,107.68.76.230
595,Maureene,Craig,mcraiggi@w3.org,Male,75.8.211.141
596,Kikelia,Luney,kluneygj@mapy.cz,Polygender,53.129.190.189
597,Deanna,Bagshawe,dbagshawegk@etsy.com,Male,126.140.91.100
598,Willis,Forten,wfortengl@mlb.com,Genderqueer,127.229.217.117
599,Fleur,Latey,flateygm@digg.com,Non-binary,214.97.50.170
600,Reina,Southorn,rsouthorngn@typepad.com,Genderfluid,94.147.231.181
601,Forest,Guerreau,fguerreaugo@epa.gov,Genderfluid,128.111.53.255
602,Veronique,Donneely,vdonneelygp@google.it,Non-binary,174.172.65.97
603,Tamma,Heinschke,theinschkegq@walmart.com,Bigender,81.0.33.230
604,Brynn,Gawne,bgawnegr@businessinsider.com,Agender,170.234.132.71
605,Layton,Laverty,llavertygs@wikipedia.org,Agender,138.94.145.59
606,Xever,Sadat,xsadatgt@jimdo.com,Genderfluid,55.3.186.136
607,Lenka,Aizikowitz,laizikowitzgu@dailymotion.com,Non-binary,221.109.76.202
608,Chelsae,Farra,cfarragv@gmpg.org,Genderfluid,250.85.91.17
609,Selby,Raynes,sraynesgw@virginia.edu,Genderfluid,224.78.0.83
610,Bartholemy,Laurisch,blaurischgx@arstechnica.com,Bigender,216.132.8.109
611,Quent,Wasbey,qwasbeygy@omniture.com,Genderfluid,159.15.189.174
612,Vikki,Grimes,vgrimesgz@vk.com,Genderqueer,155.67.137.15
613,Lyndsie,Yann,lyannh0@hostgator.com,Female,69.160.251.125
614,Isac,Burles,iburlesh1@flickr.com,Male,224.48.41.203
615,Dasya,Rawsthorne,drawsthorneh2@google.nl,Polygender,1.146.13.249
616,Douglas,Summerson,dsummersonh3@cloudflare.com,Genderqueer,152.183.75.232
617,Tabina,Gore,tgoreh4@squidoo.com,Non-binary,96.176.69.101
618,Averil,Zucker,azuckerh5@360.cn,Agender,42.146.22.208
619,Marleen,Hairsnape,mhairsnapeh6@hhs.gov,Male,255.133.107.168
620,Romeo,Caraher,rcaraherh7@eepurl.com,Genderqueer,107.203.47.65
621,Adorne,Kach,akachh8@a8.net,Genderfluid,154.237.185.151
622,Porty,Parris,pparrish9@123-reg.co.uk,Genderfluid,22.194.221.164
623,Alyse,Hansley,ahansleyha@dion.ne.jp,Female,75.155.40.27
624,Torey,McEntegart,tmcentegarthb@meetup.com,Genderqueer,176.221.248.174
625,Tabbatha,Nelles,tnelleshc@creativecommons.org,Polygender,232.248.130.244
626,Anestassia,Baudon,abaudonhd@cmu.edu,Bigender,214.250.19.2
627,Vivie,Prose,vprosehe@time.com,Polygender,196.76.102.78
628,Vinnie,MacAlester,vmacalesterhf@github.io,Male,214.248.211.244
629,Annadiane,Rhodes,arhodeshg@sohu.com,Non-binary,132.66.62.214
630,Nicolea,Averay,naverayhh@merriam-webster.com,Non-binary,253.247.124.133
631,Gipsy,Spall,gspallhi@msu.edu,Female,160.147.181.241
632,Robin,Quiney,rquineyhj@rakuten.co.jp,Male,24.78.156.0
633,Rollins,Downham,rdownhamhk@businesswire.com,Agender,176.91.113.161
634,Romain,Anten,rantenhl@i2i.jp,Genderfluid,191.93.98.153
635,Deck,Concannon,dconcannonhm@disqus.com,Male,100.94.23.227
636,Ole,McClean,omccleanhn@yellowbook.com,Female,84.15.125.90
637,Hortensia,Chant,hchantho@youku.com,Non-binary,116.25.250.246
638,Pansie,Palatini,ppalatinihp@vinaora.com,Non-binary,62.128.131.147
639,Etheline,Woolatt,ewoolatthq@ibm.com,Genderqueer,210.57.169.216
640,Cesaro,Remon,cremonhr@wix.com,Male,52.239.181.123
641,Theresa,Eymor,teymorhs@senate.gov,Non-binary,107.227.203.213
642,Culver,McCorkindale,cmccorkindaleht@huffingtonpost.com,Genderqueer,227.95.221.117
643,Homerus,Helliar,hhelliarhu@163.com,Genderqueer,160.77.74.170
644,Hyacinthe,Colbrun,hcolbrunhv@prlog.org,Polygender,160.109.190.181
645,Dodi,Rotlauf,drotlaufhw@independent.co.uk,Female,228.197.67.122
646,Mathilda,Ever,meverhx@washingtonpost.com,Non-binary,28.182.118.69
647,Jilli,Long,jlonghy@nifty.com,Genderfluid,63.146.152.77
648,Eydie,Halbert,ehalberthz@nymag.com,Genderqueer,65.19.207.136
649,Philomena,Hickinbottom,phickinbottomi0@businessinsider.com,Non-binary,133.81.85.64
650,Germaine,Trass,gtrassi1@home.pl,Genderfluid,187.242.232.57
651,Risa,Ottey,rotteyi2@simplemachines.org,Agender,152.93.187.48
652,Nicolis,Hedling,nhedlingi3@mlb.com,Female,62.110.128.193
653,Massimiliano,Benford,mbenfordi4@wikia.com,Genderqueer,6.36.89.237
654,Oliy,Gavozzi,ogavozzii5@sina.com.cn,Genderfluid,183.240.164.252
655,Emalee,Westfield,ewestfieldi6@abc.net.au,Non-binary,116.44.69.173
656,Cornelius,Lamacraft,clamacrafti7@infoseek.co.jp,Female,47.69.158.222
657,Wolfy,Hriinchenko,whriinchenkoi8@ucla.edu,Genderqueer,77.136.49.249
658,Cletis,Mulgrew,cmulgrewi9@hubpages.com,Polygender,158.133.24.164
659,Peyter,Dracksford,pdracksfordia@domainmarket.com,Genderfluid,102.132.146.122
660,Orv,De Roberto,oderobertoib@reverbnation.com,Agender,105.226.18.246
661,Jewell,D'Elias,jdeliasic@cafepress.com,Non-binary,190.1.26.92
662,Katy,Manchester,kmanchesterid@china.com.cn,Non-binary,57.172.213.159
663,Simona,Pitkaithly,spitkaithlyie@hibu.com,Genderqueer,114.112.185.183
664,Minerva,Earngy,mearngyif@google.co.uk,Male,94.94.150.251
665,Barclay,Rimbault,brimbaultig@tmall.com,Polygender,39.45.91.119
666,Idalina,Satcher,isatcherih@squidoo.com,Female,74.88.95.154
667,Sonya,Doget,sdogetii@sakura.ne.jp,Agender,23.245.160.110
668,Ilyse,Crallan,icrallanij@devhub.com,Agender,164.122.174.71
669,Aimil,Louch,alouchik@woothemes.com,Genderqueer,32.146.230.92
670,Chet,Rabidge,crabidgeil@ezinearticles.com,Agender,162.221.118.8
671,Bliss,Degoix,bdegoixim@domainmarket.com,Female,95.13.163.130
672,Clarabelle,Rodie,crodiein@csmonitor.com,Genderfluid,230.241.189.208
673,Debi,Brogden,dbrogdenio@xrea.com,Genderfluid,236.87.31.159
674,Rudolph,Mattisssen,rmattisssenip@jimdo.com,Male,218.195.72.203
675,Meghan,Dunnan,mdunnaniq@alibaba.com,Bigender,36.201.42.75
676,Bret,Craine,bcraineir@tripod.com,Agender,25.89.154.157
677,Cathrin,Pheasey,cpheaseyis@umich.edu,Female,115.122.110.111
678,Lonnie,Trotton,ltrottonit@nytimes.com,Non-binary,149.118.191.58
679,Caterina,Watsam,cwatsamiu@webmd.com,Male,145.246.188.211
680,Hyacintha,Romaynes,hromaynesiv@photobucket.com,Polygender,47.107.211.34
681,Harlan,Gaucher,hgaucheriw@cbc.ca,Polygender,204.176.215.166
682,Chrissie,O'Dyvoy,codyvoyix@meetup.com,Genderqueer,213.89.182.0
683,Gertrudis,Bearcroft,gbearcroftiy@abc.net.au,Bigender,217.210.171.51
684,Babb,Livingstone,blivingstoneiz@google.com.br,Agender,38.110.80.169
685,Ty,Ramelot,tramelotj0@cargocollective.com,Bigender,149.87.13.153
686,Baxter,Vallis,bvallisj1@twitter.com,Agender,227.178.41.174
687,Gaylord,Brugh,gbrughj2@archive.org,Polygender,202.2.172.22
688,Darrelle,Gisbourn,dgisbournj3@dedecms.com,Female,118.180.108.116
689,Cher,Bishell,cbishellj4@gravatar.com,Female,138.7.67.62
690,Darius,Tivolier,dtivolierj5@tinyurl.com,Male,50.143.220.80
691,Rivalee,Sacase,rsacasej6@gnu.org,Polygender,109.200.227.47
692,Brod,Lawlan,blawlanj7@comsenz.com,Genderqueer,192.150.88.160
693,Joseph,Gammel,jgammelj8@elpais.com,Genderfluid,85.224.43.134
694,Alayne,Delucia,adeluciaj9@liveinternet.ru,Male,94.220.175.168
695,Christiano,Capelin,ccapelinja@last.fm,Genderqueer,165.168.233.180
696,Francesca,Sambedge,fsambedgejb@rakuten.co.jp,Male,139.168.214.45
697,Clayborn,Ottiwill,cottiwilljc@mit.edu,Polygender,70.152.214.140
698,Yetta,Boni,ybonijd@feedburner.com,Genderfluid,72.233.22.213
699,Maegan,MacGall,mmacgallje@ucoz.com,Non-binary,51.246.85.205
700,Clarinda,Arstingall,carstingalljf@blogspot.com,Male,192.132.69.92
701,Rita,Bernolet,rbernoletjg@guardian.co.uk,Agender,116.195.193.253
702,Rolland,Hankins,rhankinsjh@altervista.org,Non-binary,125.91.9.55
703,Ase,Siggins,asigginsji@apache.org,Genderfluid,31.112.242.57
704,Sol,Campbell-Dunlop,scampbelldunlopjj@google.nl,Agender,249.20.134.216
705,Kristin,Wellum,kwellumjk@com.com,Polygender,202.252.122.221
706,Hannis,Kalker,hkalkerjl@huffingtonpost.com,Genderfluid,2.245.140.239
707,Lebbie,Imorts,limortsjm@timesonline.co.uk,Agender,252.140.179.127
708,Valenka,Gullan,vgullanjn@tiny.cc,Agender,176.97.176.228
709,Kort,Collop,kcollopjo@bizjournals.com,Bigender,147.205.40.46
710,Loleta,Arthur,larthurjp@nydailynews.com,Male,202.143.213.89
711,Jermayne,Charrisson,jcharrissonjq@freewebs.com,Non-binary,111.24.70.153
712,Sophie,Greensall,sgreensalljr@nasa.gov,Bigender,120.242.229.71
713,Kissie,Mechi,kmechijs@stumbleupon.com,Bigender,62.235.106.20
714,Iolande,Northridge,inorthridgejt@istockphoto.com,Genderfluid,90.193.95.71
715,Novelia,Lavielle,nlavielleju@huffingtonpost.com,Bigender,24.117.19.221
716,Kristi,Waterdrinker,kwaterdrinkerjv@github.com,Genderfluid,83.110.16.184
717,Karia,Bhatia,kbhatiajw@gov.uk,Male,41.12.191.111
718,Les,Servant,lservantjx@google.co.uk,Bigender,101.126.90.179
719,Caitlin,Stuckow,cstuckowjy@devhub.com,Male,207.253.59.224
720,Sawyere,Hickin,shickinjz@independent.co.uk,Female,207.152.159.113
721,Estella,Hestrop,ehestropk0@ed.gov,Male,246.1.252.32
722,Karisa,Jancey,kjanceyk1@wisc.edu,Genderfluid,36.253.249.65
723,Carma,Ibbitson,cibbitsonk2@youtube.com,Non-binary,161.234.166.169
724,Dennie,Georger,dgeorgerk3@sitemeter.com,Female,202.214.187.11
725,Zarah,Cakes,zcakesk4@intel.com,Bigender,53.243.54.190
726,Genny,Larkkem,glarkkemk5@mediafire.com,Polygender,47.237.239.161
727,Garey,Kubis,gkubisk6@amazonaws.com,Agender,140.150.192.229
728,Cati,Legge,cleggek7@nsw.gov.au,Genderfluid,44.252.125.40
729,Oralle,Dennis,odennisk8@washington.edu,Polygender,10.165.119.27
730,Ber,De Mico,bdemicok9@barnesandnoble.com,Genderqueer,167.124.142.192
731,Micah,Eyckel,meyckelka@pen.io,Female,231.46.255.251
732,Rooney,Simonetti,rsimonettikb@google.com.hk,Female,197.248.209.174
733,Nikolos,Kenelin,nkenelinkc@netscape.com,Non-binary,176.195.103.96
734,Malina,McCauley,mmccauleykd@java.com,Genderfluid,10.222.40.157
735,Ealasaid,Desborough,edesboroughke@hostgator.com,Non-binary,140.120.143.52
736,Massimiliano,Gowler,mgowlerkf@phpbb.com,Genderfluid,243.183.211.151
737,Cordi,Trunks,ctrunkskg@jalbum.net,Genderfluid,224.192.119.143
738,Vevay,Harrower,vharrowerkh@addthis.com,Polygender,183.204.213.190
739,Sidoney,Kemm,skemmki@taobao.com,Polygender,85.64.83.39
740,Christabella,Rudgerd,crudgerdkj@yandex.ru,Polygender,78.85.18.135
741,Eustacia,Whitmore,ewhitmorekk@de.vu,Genderqueer,102.252.26.29
742,Rochette,Howitt,rhowittkl@gmpg.org,Non-binary,74.131.252.7
743,Magdalena,Fiddian,mfiddiankm@harvard.edu,Polygender,40.255.72.114
744,Beatrisa,Tomasek,btomasekkn@hexun.com,Polygender,159.13.115.244
745,Brietta,Beaconsall,bbeaconsallko@walmart.com,Female,164.185.5.187
746,Jada,Wenden,jwendenkp@statcounter.com,Non-binary,166.6.13.58
747,Donnie,Fridd,dfriddkq@who.int,Genderqueer,116.109.134.233
748,Max,Raithmill,mraithmillkr@163.com,Genderfluid,23.78.8.194
749,Ryley,Hook,rhookks@reference.com,Bigender,109.126.225.86
750,Lammond,Burrell,lburrellkt@gizmodo.com,Genderfluid,229.79.145.89
751,Leann,McGrail,lmcgrailku@de.vu,Polygender,156.29.62.160
752,Harper,Abramovici,habramovicikv@1688.com,Female,125.90.1.161
753,Sheffie,Easeman,seasemankw@jimdo.com,Male,155.47.104.1
754,Donella,McKeefry,dmckeefrykx@spiegel.de,Genderfluid,7.169.65.160
755,Mufi,Spuffard,mspuffardky@plala.or.jp,Male,153.113.246.48
756,Alric,Petrakov,apetrakovkz@google.com.au,Non-binary,172.159.233.20
757,Bentley,Jesson,bjessonl0@samsung.com,Male,200.98.215.92
758,Ermengarde,Isakowicz,eisakowiczl1@theatlantic.com,Bigender,149.183.186.97
759,Forest,Hawkeridge,fhawkeridgel2@uol.com.br,Bigender,140.83.142.59
760,Daron,McBean,dmcbeanl3@theatlantic.com,Non-binary,88.7.31.129
761,Zack,Handy,zhandyl4@utexas.edu,Bigender,178.184.36.60
762,Margo,Ibbetson,mibbetsonl5@nydailynews.com,Male,240.3.100.229
763,Northrop,Herity,nherityl6@bloglovin.com,Bigender,168.94.58.140
764,Heriberto,Brauninger,hbrauningerl7@baidu.com,Genderqueer,199.231.78.53
765,Gerome,Fareweather,gfareweatherl8@issuu.com,Genderfluid,121.183.27.152
766,Carlen,Yitzhok,cyitzhokl9@cpanel.net,Male,194.184.150.72
767,Di,Gegg,dgeggla@g.co,Polygender,134.80.241.3
768,Bettina,Haseldine,bhaseldinelb@last.fm,Genderfluid,83.1.247.246
769,Irina,Stack,istacklc@amazon.de,Agender,129.113.34.50
770,Allan,Arr,aarrld@bizjournals.com,Genderqueer,16.245.203.118
771,Gussi,Bedells,gbedellsle@yolasite.com,Non-binary,224.232.161.187
772,Elga,Chritchley,echritchleylf@telegraph.co.uk,Male,9.92.17.226
773,Bennie,Houlridge,bhoulridgelg@wikia.com,Polygender,27.62.185.247
774,Den,Dregan,ddreganlh@example.com,Genderfluid,191.216.147.18
775,Wandis,Nassy,wnassyli@cam.ac.uk,Agender,211.42.80.120
776,Ewell,Clever,ecleverlj@foxnews.com,Bigender,46.185.242.128
777,Janela,Collens,jcollenslk@tinypic.com,Polygender,164.5.76.33
778,Kaye,Pietranek,kpietranekll@tiny.cc,Agender,28.118.245.151
779,Davita,Lorens,dlorenslm@un.org,Genderfluid,239.205.149.244
780,Herta,Kamall,hkamallln@infoseek.co.jp,Genderfluid,30.172.163.235
781,Philbert,Ansty,panstylo@tinypic.com,Bigender,11.215.67.11
782,Micaela,Chason,mchasonlp@toplist.cz,Polygender,89.55.170.216
783,Kaitlyn,Hartlebury,khartleburylq@csmonitor.com,Genderqueer,232.47.62.43
784,Lonnie,Ardern,lardernlr@time.com,Polygender,148.120.76.172
785,Didi,Gerring,dgerringls@hibu.com,Bigender,206.221.69.25
786,Witty,McCarlie,wmccarlielt@geocities.jp,Female,15.89.166.80
787,Kelvin,Kleinber,kkleinberlu@washington.edu,Female,90.222.178.40
788,Dalenna,Goch,dgochlv@howstuffworks.com,Genderfluid,238.216.224.63
789,Roselia,Applewhite,rapplewhitelw@simplemachines.org,Genderqueer,93.141.213.115
790,Glyn,Budnk,gbudnklx@nhs.uk,Male,192.201.203.216
791,Claudette,Abley,cableyly@tiny.cc,Male,71.152.41.78
792,Sydel,Faltin,sfaltinlz@lulu.com,Non-binary,157.81.157.236
793,Shirlene,Dannatt,sdannattm0@seesaa.net,Female,166.114.240.202
794,Ronald,Pring,rpringm1@ebay.com,Male,90.122.4.108
795,Norbie,Steffans,nsteffansm2@netscape.com,Genderfluid,235.193.194.1
796,Rutledge,Buxcey,rbuxceym3@instagram.com,Polygender,198.35.162.239
797,Selie,Greenwood,sgreenwoodm4@icq.com,Genderqueer,196.240.226.8
798,Livia,Cords,lcordsm5@ycombinator.com,Male,15.219.14.44
799,Tamar,Weinberg,tweinbergm6@weather.com,Genderqueer,6.170.131.135
800,Tallou,Barrack,tbarrackm7@about.com,Bigender,42.3.46.12
801,Bastien,Aleshintsev,baleshintsevm8@mediafire.com,Bigender,161.18.183.92
802,Lamond,Chomiszewski,lchomiszewskim9@xing.com,Male,83.76.190.103
803,Orelle,Pratton,oprattonma@oracle.com,Non-binary,32.129.176.190
804,Loreen,Mairs,lmairsmb@ask.com,Bigender,233.252.107.243
805,Rebecka,Capel,rcapelmc@amazon.co.uk,Polygender,252.201.59.89
806,Dawn,Spoward,dspowardmd@mapy.cz,Agender,172.33.103.233
807,Kelcy,Dragonette,kdragonetteme@live.com,Male,172.169.162.243
808,Ulysses,Eyrl,ueyrlmf@ameblo.jp,Polygender,123.41.106.193
809,Fifi,Ellwood,fellwoodmg@businessinsider.com,Non-binary,57.206.211.89
810,Corinna,Ucchino,cucchinomh@biblegateway.com,Bigender,220.251.58.179
811,Goldi,Prosch,gproschmi@blogspot.com,Female,114.226.53.165
812,Mavis,Scherme,mschermemj@addtoany.com,Polygender,176.122.86.26
813,Yurik,Jepensen,yjepensenmk@addtoany.com,Polygender,175.31.241.71
814,Barry,Gerold,bgeroldml@gov.uk,Agender,12.245.246.161
815,Tilly,Ganter,tgantermm@mapy.cz,Genderqueer,171.246.123.213
816,Tobin,Attack,tattackmn@dagondesign.com,Male,97.184.226.104
817,Papageno,Plumptre,pplumptremo@chronoengine.com,Non-binary,151.73.80.224
818,Barry,Turfitt,bturfittmp@lulu.com,Genderfluid,180.25.29.153
819,Mikaela,Abelson,mabelsonmq@webmd.com,Male,18.55.0.218
820,Dougie,Cohrs,dcohrsmr@mediafire.com,Genderfluid,40.97.114.55
821,Ninnette,Medlicott,nmedlicottms@webs.com,Bigender,252.149.88.170
822,Grissel,Littley,glittleymt@shutterfly.com,Polygender,49.209.154.19
823,Annabella,MacKaile,amackailemu@theglobeandmail.com,Female,205.82.164.119
824,Merrie,Cambell,mcambellmv@dropbox.com,Genderfluid,144.138.28.159
825,Kameko,Fleisch,kfleischmw@unicef.org,Genderfluid,173.227.198.63
826,Cthrine,McGriele,cmcgrielemx@oracle.com,Female,244.225.107.43
827,Gardy,Seyffert,gseyffertmy@hc360.com,Agender,74.176.50.2
828,Randy,Gateland,rgatelandmz@jugem.jp,Agender,251.237.7.87
829,Cammi,Cockle,ccocklen0@clickbank.net,Polygender,88.166.12.183
830,Laird,Colliard,lcolliardn1@forbes.com,Agender,7.137.52.12
831,Shaylah,Robilart,srobilartn2@latimes.com,Genderqueer,12.150.123.212
832,Jacquelynn,Bantock,jbantockn3@omniture.com,Genderqueer,187.34.236.249
833,Pollyanna,Handlin,phandlinn4@bluehost.com,Genderfluid,145.39.71.214
834,Darill,Buckthorpe,dbuckthorpen5@wix.com,Non-binary,9.160.44.223
835,Clywd,Demicoli,cdemicolin6@blog.com,Genderfluid,96.145.137.188
836,Traver,Bosher,tboshern7@mapy.cz,Male,123.245.246.42
837,Lorne,Dugan,ldugann8@vistaprint.com,Female,234.151.64.159
838,Ericha,Grunbaum,egrunbaumn9@dot.gov,Male,178.146.22.123
839,Marlo,Shackle,mshacklena@bbc.co.uk,Agender,207.228.35.35
840,Melisa,Very,mverynb@dell.com,Agender,70.40.99.50
841,Gwynne,Goundry,ggoundrync@eepurl.com,Polygender,198.210.210.196
842,Almeda,Tuckerman,atuckermannd@squarespace.com,Non-binary,166.200.165.41
843,Ezechiel,Winckles,ewincklesne@telegraph.co.uk,Female,122.21.208.19
844,Alejandrina,Blann,ablannnf@sbwire.com,Agender,173.42.240.174
845,Rhiamon,McDuffy,rmcduffyng@barnesandnoble.com,Genderqueer,158.84.123.196
846,Royce,Eagell,reagellnh@irs.gov,Female,219.156.100.106
847,Franky,Antuk,fantukni@google.fr,Male,182.208.26.217
848,Fielding,Massow,fmassownj@webnode.com,Bigender,175.28.80.210
849,Fulton,Summerson,fsummersonnk@squidoo.com,Genderfluid,58.254.218.133
850,Vinnie,Weadick,vweadicknl@creativecommons.org,Bigender,240.108.171.165
851,Lulu,Leacock,lleacocknm@google.pl,Non-binary,74.174.99.187
852,Tedie,Mardall,tmardallnn@skyrock.com,Genderqueer,34.194.86.142
853,Dacy,Rickeard,drickeardno@amazon.com,Agender,243.70.247.212
854,Bryan,Mazey,bmazeynp@wiley.com,Agender,45.47.212.19
855,Corette,Conwell,cconwellnq@4shared.com,Bigender,37.10.63.167
856,Maggee,Paradise,mparadisenr@weibo.com,Non-binary,116.103.118.26
857,Gerrilee,Lafrentz,glafrentzns@upenn.edu,Polygender,230.161.3.173
858,Ingar,Taunton.,itauntonnt@examiner.com,Polygender,95.72.27.198
859,Rabbi,Benzies,rbenziesnu@businessinsider.com,Female,109.248.42.129
860,Josy,Yousef,jyousefnv@seesaa.net,Genderqueer,174.202.148.95
861,Gearalt,Hall,ghallnw@europa.eu,Bigender,61.139.129.13
862,Alethea,Wackett,awackettnx@businessinsider.com,Non-binary,138.169.38.227
863,Reuben,Emmerson,remmersonny@rediff.com,Genderqueer,108.57.235.104
864,Bethany,Loughead,blougheadnz@ox.ac.uk,Female,229.51.7.96
865,Clemmy,Lundberg,clundbergo0@devhub.com,Genderqueer,18.94.57.130
866,Shani,Dannatt,sdannatto1@ebay.co.uk,Non-binary,71.84.183.70
867,Nobe,Chessil,nchessilo2@yellowpages.com,Genderqueer,86.114.123.4
868,Bonni,McCowen,bmccoweno3@google.cn,Male,254.104.122.60
869,Lyman,Bellie,lbellieo4@cmu.edu,Genderfluid,75.113.150.53
870,Reggie,Libby,rlibbyo5@netscape.com,Non-binary,129.207.202.243
871,Marilyn,Dodgshun,mdodgshuno6@bing.com,Genderqueer,107.103.180.91
872,Des,Habin,dhabino7@google.com.br,Bigender,68.22.140.222
873,Gusty,Beeken,gbeekeno8@sitemeter.com,Genderqueer,81.68.249.192
874,Vachel,Berard,vberardo9@uiuc.edu,Female,76.18.86.4
875,Albertina,Scrauniage,ascrauniageoa@biblegateway.com,Agender,200.158.207.132
876,Rem,Stamp,rstampob@unblog.fr,Genderqueer,97.94.250.248
877,Starlin,Aliberti,salibertioc@intel.com,Polygender,172.89.52.21
878,Wash,Kretchmer,wkretchmerod@deliciousdays.com,Bigender,165.192.147.223
879,Lolita,Enrrico,lenrricooe@ted.com,Genderqueer,214.95.65.167
880,Gerta,Ferronier,gferronierof@studiopress.com,Polygender,218.122.243.209
881,Bill,Dollman,bdollmanog@cam.ac.uk,Non-binary,199.184.182.36
882,Aleda,Alwood,aalwoodoh@slate.com,Genderfluid,225.43.24.28
883,Bertina,Garrud,bgarrudoi@ning.com,Genderfluid,248.91.7.56
884,Gwennie,Cavnor,gcavnoroj@npr.org,Bigender,218.131.199.165
885,Holt,Brislane,hbrislaneok@nationalgeographic.com,Non-binary,20.12.243.222
886,Laural,Moss,lmossol@ask.com,Bigender,9.107.7.51
887,Augy,Moine,amoineom@alibaba.com,Female,104.225.154.132
888,Timothy,Sibyllina,tsibyllinaon@plala.or.jp,Bigender,88.197.106.129
889,Uriah,Abrahamson,uabrahamsonoo@live.com,Female,246.84.11.24
890,Karita,Anelay,kanelayop@woothemes.com,Non-binary,101.36.70.16
891,Guenevere,Crossby,gcrossbyoq@weebly.com,Genderfluid,104.216.255.198
892,Timothy,Cotgrave,tcotgraveor@jimdo.com,Polygender,252.79.250.130
893,Althea,Gaven,agavenos@macromedia.com,Non-binary,219.110.53.127
894,Catie,Roddy,croddyot@cargocollective.com,Polygender,231.126.128.70
895,Maurie,Hodgin,mhodginou@sphinn.com,Male,19.113.221.243
896,Roslyn,Minchell,rminchellov@zimbio.com,Agender,167.74.127.197
897,Constance,McIlroy,cmcilroyow@woothemes.com,Male,9.122.19.56
898,Kylen,Brussell,kbrussellox@hc360.com,Polygender,191.53.2.109
899,Daisey,Kernley,dkernleyoy@icq.com,Genderqueer,237.49.36.90
900,Aldus,Aspell,aaspelloz@guardian.co.uk,Agender,55.184.147.62
901,Judith,Sculley,jsculleyp0@clickbank.net,Genderfluid,188.244.150.124
902,Letti,Vanshin,lvanshinp1@netvibes.com,Genderfluid,100.130.103.7
903,Aila,Jills,ajillsp2@geocities.com,Male,155.156.50.13
904,Blaire,Odams,bodamsp3@google.com,Genderfluid,51.218.57.170
905,Chiquita,Laffranconi,claffranconip4@reuters.com,Polygender,110.69.11.134
906,Noami,Rodenhurst,nrodenhurstp5@hp.com,Agender,235.44.133.0
907,Ollie,Veneur,oveneurp6@last.fm,Bigender,97.116.121.238
908,Esmaria,Hardesty,ehardestyp7@apple.com,Genderqueer,174.155.8.143
909,Sophronia,Hodinton,shodintonp8@privacy.gov.au,Female,66.64.203.115
910,Roanna,Marcu,rmarcup9@discuz.net,Agender,134.83.171.23
911,Austina,McColl,amccollpa@dion.ne.jp,Bigender,118.83.50.123
912,Tova,Pigram,tpigrampb@wiley.com,Genderqueer,72.43.14.201
913,Max,Beteriss,mbeterisspc@hostgator.com,Bigender,122.164.190.93
914,Aldo,Denisyuk,adenisyukpd@wikispaces.com,Polygender,113.225.170.109
915,Pippo,Suermeiers,psuermeierspe@tamu.edu,Agender,156.231.241.209
916,Rand,Gianetti,rgianettipf@slashdot.org,Genderfluid,66.123.124.97
917,Tate,Warkup,twarkuppg@diigo.com,Bigender,4.174.214.207
918,Emmy,Sainthill,esainthillph@bravesites.com,Female,117.95.57.218
919,Rafe,Tassell,rtassellpi@amazonaws.com,Female,159.9.112.102
920,Violet,Borthwick,vborthwickpj@spotify.com,Non-binary,129.101.178.18
921,Adrianna,Paulsen,apaulsenpk@netscape.com,Non-binary,235.75.17.88
922,Huntlee,Grantham,hgranthampl@prnewswire.com,Male,249.189.30.32
923,Ansley,Thuillier,athuillierpm@smh.com.au,Female,144.227.53.174
924,Pincas,Beddow,pbeddowpn@blog.com,Female,171.162.47.150
925,Gustaf,Corpes,gcorpespo@deviantart.com,Agender,3.189.93.236
926,Geoffrey,Rosenbusch,grosenbuschpp@typepad.com,Male,156.252.63.235
927,Marianna,Kershow,mkershowpq@google.co.jp,Female,181.240.34.77
928,Trever,Farquarson,tfarquarsonpr@ted.com,Genderfluid,51.18.18.59
929,Tana,Kopfer,tkopferps@wired.com,Male,172.156.87.127
930,Avigdor,Stenton,astentonpt@wisc.edu,Genderfluid,78.17.192.27
931,Marybelle,Evitts,mevittspu@upenn.edu,Genderqueer,139.138.255.206
932,Debra,Scouler,dscoulerpv@ask.com,Polygender,252.248.74.195
933,Corrianne,Seppey,cseppeypw@youku.com,Bigender,144.96.214.196
934,Dione,Abramson,dabramsonpx@ca.gov,Genderqueer,94.57.140.216
935,Evangelin,Peschke,epeschkepy@odnoklassniki.ru,Male,87.217.31.168
936,Modesty,Duddle,mduddlepz@wiley.com,Genderqueer,79.80.135.85
937,Alon,Ferrillio,aferrillioq0@mtv.com,Genderqueer,225.61.24.26
938,Raina,Marshal,rmarshalq1@va.gov,Genderfluid,159.50.7.225
939,Constantina,Mawman,cmawmanq2@unblog.fr,Genderfluid,200.159.197.176
940,Frankie,Benini,fbeniniq3@squarespace.com,Male,203.26.1.215
941,Christen,Fraanchyonok,cfraanchyonokq4@sfgate.com,Genderqueer,48.37.168.151
942,Philis,Hammant,phammantq5@discuz.net,Non-binary,113.88.74.31
943,Rahel,Devaney,rdevaneyq6@alexa.com,Agender,141.167.88.143
944,Rudolfo,McHardy,rmchardyq7@mediafire.com,Genderqueer,80.0.157.128
945,Emanuele,Cage,ecageq8@forbes.com,Agender,206.20.188.195
946,Nev,Dilleway,ndillewayq9@census.gov,Agender,69.32.150.161
947,Avrit,Durban,adurbanqa@mac.com,Genderfluid,149.33.159.124
948,Jacinta,Dyneley,jdyneleyqb@gmpg.org,Polygender,74.156.28.201
949,Deirdre,Alexis,dalexisqc@angelfire.com,Agender,219.204.227.221
950,Crichton,Maxstead,cmaxsteadqd@msu.edu,Female,244.128.103.136
951,Morgan,Kellard,mkellardqe@howstuffworks.com,Female,77.128.142.58
952,Nancey,Yurshev,nyurshevqf@rakuten.co.jp,Genderqueer,89.118.3.39
953,Erik,MacKnight,emacknightqg@huffingtonpost.com,Agender,179.62.182.66
954,Clem,Verdon,cverdonqh@gov.uk,Female,67.73.155.80
955,Lock,Fieldstone,lfieldstoneqi@tiny.cc,Genderqueer,108.11.157.109
956,Eolande,Pattle,epattleqj@exblog.jp,Polygender,24.102.96.58
957,Darrick,Dy,ddyqk@theguardian.com,Genderqueer,154.161.65.37
958,Adrien,Renackowna,arenackownaql@chronoengine.com,Genderqueer,204.239.244.138
959,Sal,Croce,scroceqm@geocities.jp,Non-binary,247.254.93.152
960,Nari,Faers,nfaersqn@csmonitor.com,Genderfluid,35.184.56.202
961,Gretchen,Keats,gkeatsqo@csmonitor.com,Bigender,16.113.218.187
962,Susi,Sposito,sspositoqp@artisteer.com,Male,71.122.3.178
963,Bret,Gyurkovics,bgyurkovicsqq@jigsy.com,Female,25.46.192.13
964,Filippa,Brierley,fbrierleyqr@woothemes.com,Female,21.170.39.147
965,Conni,Vales,cvalesqs@vinaora.com,Genderfluid,253.21.153.36
966,Amalita,Goly,agolyqt@merriam-webster.com,Agender,167.190.52.50
967,Clyde,Shelsher,cshelsherqu@umich.edu,Genderfluid,53.177.174.236
968,Chris,Halton,chaltonqv@digg.com,Male,181.142.93.235
969,Salomone,Boatright,sboatrightqw@sbwire.com,Non-binary,174.28.178.147
970,Morganne,McKitterick,mmckitterickqx@clickbank.net,Polygender,118.39.130.222
971,Bibby,Heaslip,bheaslipqy@cornell.edu,Female,38.35.106.70
972,Corbie,Woolley,cwoolleyqz@icio.us,Agender,192.2.48.248
973,Shaylah,Radke,sradker0@surveymonkey.com,Genderqueer,118.122.44.234
974,Adelaide,Thredder,athredderr1@pen.io,Bigender,227.89.0.117
975,Gabie,Brookwell,gbrookwellr2@si.edu,Agender,182.23.176.147
976,Arlee,Wyburn,awyburnr3@washington.edu,Polygender,164.132.242.130
977,Georgiana,Raincin,graincinr4@twitter.com,Agender,223.96.7.170
978,Frank,Mathews,fmathewsr5@plala.or.jp,Female,139.104.255.252
979,Davie,Brende,dbrender6@freewebs.com,Female,82.142.154.71
980,Mickie,Raubenheimer,mraubenheimerr7@studiopress.com,Genderqueer,70.190.222.13
981,Daryn,Sallarie,dsallarier8@washington.edu,Female,60.113.89.42
982,Franky,McCromley,fmccromleyr9@toplist.cz,Agender,49.16.233.160
983,Worthington,Lawrenceson,wlawrencesonra@bloglines.com,Female,83.35.176.244
984,Leon,O'Kielt,lokieltrb@blogs.com,Bigender,83.104.51.3
985,Turner,Acreman,tacremanrc@latimes.com,Genderfluid,191.165.111.100
986,Nickolas,Salzen,nsalzenrd@barnesandnoble.com,Genderfluid,113.101.213.7
987,Sallyann,Ankrett,sankrettre@state.gov,Bigender,182.120.245.155
988,Binnie,McCreadie,bmccreadierf@sphinn.com,Non-binary,104.166.210.170
989,Auroora,Speck,aspeckrg@oracle.com,Agender,195.18.232.9
990,Emelda,Dolbey,edolbeyrh@vkontakte.ru,Female,141.148.4.159
991,Saundra,Mitton,smittonri@cargocollective.com,Bigender,147.162.163.29
992,Valle,Bolus,vbolusrj@europa.eu,Male,84.13.66.81
993,Lyman,Shillan,lshillanrk@meetup.com,Non-binary,73.6.122.169
994,Jaynell,Kingstne,jkingstnerl@vkontakte.ru,Male,159.232.205.114
995,Arabela,MacGettigen,amacgettigenrm@discuz.net,Genderfluid,142.7.235.154
996,Britteny,McCallister,bmccallisterrn@forbes.com,Genderqueer,36.48.20.89
997,Elicia,Bouskill,ebouskillro@shinystat.com,Agender,208.3.248.95
998,Urbanus,Crandon,ucrandonrp@abc.net.au,Bigender,248.254.118.180
999,Merissa,Gravestone,mgravestonerq@yolasite.com,Female,172.179.101.27
1000,Laney,Lembrick,llembrickrr@wisc.edu,Genderfluid,199.167.7.202
